{"label_names":["Lying down","Sitting","Walking","Running","Bicycling","Sleeping","Lab work","In class","In a meeting","At work","Indoors","Outside","In a car","On a bus","Drive - I'm the driver","Drive - I'm a passenger","At home","At a restaurant","Phone in pocket","Exercise","Cooking","Shopping","Strolling","Drinking (alcohol)","Bathing - shower","Cleaning","Doing laundry","Washing dishes","Watching TV","Surfing the internet","At a party","At a bar","At the beach","Singing","Talking","Computer work","Eating","Toilet","Grooming","Dressing","At the gym","Stairs - going up","Stairs - going down","Elevator","Standing","At school","Phone in hand","Phone in bag","Phone on table","With co-workers","With friends"],"label_probs":[0.7339070721495827,0.2419810134950838,0.2086981445295627,0.34560690577454845,0.19821441819014224,0.6717619303088216,0.21628090037950212,0.1132158386937291,0.0927961244672266,0.1610808587865294,0.853585011130448,0.1577045289443523,0.1595979314123598,0.15529880450455683,0.17964607960317888,0.12443265718415265,0.7180943925361083,0.1053055691975408,0.17988798996026986,0.24925985188618976,0.41202822528352945,0.14410740390254576,0.23008159477244497,0.3067216172810588,0.5458910366642945,0.3663527280731256,0.36586104448028317,0.48852295505854926,0.35493048455696774,0.4377448974231919,0.1914701934907265,0.20131518762220627,0.25416153498474653,0.41017523665627,0.2463179642375034,0.29146180158631885,0.3033200059960317,0.5151259609624164,0.5479666922655467,0.5535280400118232,0.2538224640505408,0.294663012052732,0.2778440601795642,0.14739153036618588,0.38889274053735845,0.1433295697112202,0.3807766282447252,0.2664022083842569,0.7387623643530842,0.1427622890812749,0.32504325367208947],"location_lat_long":[32.9389787,-117.070861]}