{"label_names":["Lying down","Sitting","Walking","Running","Bicycling","Sleeping","Lab work","In class","In a meeting","At work","Indoors","Outside","In a car","On a bus","Drive - I'm the driver","Drive - I'm a passenger","At home","At a restaurant","Phone in pocket","Exercise","Cooking","Shopping","Strolling","Drinking (alcohol)","Bathing - shower","Cleaning","Doing laundry","Washing dishes","Watching TV","Surfing the internet","At a party","At a bar","At the beach","Singing","Talking","Computer work","Eating","Toilet","Grooming","Dressing","At the gym","Stairs - going up","Stairs - going down","Elevator","Standing","At school","Phone in hand","Phone in bag","Phone on table","With co-workers","With friends"],"label_probs":[0.825641048894755,0.19434404771144312,0.13718717849797632,0.2712395740803922,0.13869137856151406,0.7747943249726299,0.16811209575421432,0.08152423182907742,0.07265345226175388,0.12048250449748103,0.9080091833073377,0.10446596988689638,0.12622385186738588,0.11496817521155839,0.13598819763925576,0.0994086276806406,0.7508155286945105,0.07911789366963025,0.12207752946689839,0.1833165670277423,0.31271472164685804,0.10085503526878203,0.1713615035728497,0.2692200156196522,0.5019364548789543,0.27510681913651885,0.320878328100406,0.4288578475722655,0.32275823582731533,0.39035328878992825,0.15609625289813497,0.17030950850522997,0.21794744634737126,0.4017596343577827,0.19360479076908835,0.23257013728184067,0.24300972692818967,0.44174768661792146,0.4853690809694001,0.4628106012985518,0.20453566176046906,0.21098373501644332,0.20358397471104636,0.10132875594125493,0.3190420631192855,0.11338102390378028,0.3235325413481845,0.2250002638794441,0.8079908800040665,0.10316858359017758,0.3096334459848639],"location_lat_long":[32.9389859,-117.0707626]}