{"label_names":["Lying down","Sitting","Walking","Running","Bicycling","Sleeping","Lab work","In class","In a meeting","At work","Indoors","Outside","In a car","On a bus","Drive - I'm the driver","Drive - I'm a passenger","At home","At a restaurant","Phone in pocket","Exercise","Cooking","Shopping","Strolling","Drinking (alcohol)","Bathing - shower","Cleaning","Doing laundry","Washing dishes","Watching TV","Surfing the internet","At a party","At a bar","At the beach","Singing","Talking","Computer work","Eating","Toilet","Grooming","Dressing","At the gym","Stairs - going up","Stairs - going down","Elevator","Standing","At school","Phone in hand","Phone in bag","Phone on table","With co-workers","With friends"],"label_probs":[0.12872605658769362,0.7107204196950192,0.48852454232403053,0.38520450002111356,0.4818010322743331,0.09969278122652561,0.3137582114601673,0.41933094919366515,0.4453464420203984,0.18347929424480744,0.2969982338164789,0.6954770246523709,0.6912075124275598,0.6227525232665703,0.7284569949897131,0.6246253795085536,0.30372407014122543,0.7378824287880483,0.5931756102839078,0.5119381125768746,0.5573146440766398,0.6059012186744458,0.560706495860709,0.7310545051155363,0.39344710559401924,0.3928520446634665,0.42424560878591233,0.4373706334275819,0.6770416765681194,0.5847200313192198,0.6985499054786389,0.677152246465407,0.6190103715700382,0.569671119899918,0.699491400230096,0.2947978409922703,0.6690924586313295,0.32096057001480455,0.3697309233910996,0.3485999583980875,0.5553031044987513,0.46306684481463783,0.43655822078587064,0.43351423758012114,0.5723370286091429,0.319455973576958,0.6399065854736633,0.6573579702501791,0.2886557258451178,0.36826357672459975,0.6799675909270312],"location_lat_long":[32.8536024,-117.2094191]}