{"label_names":["Lying down","Sitting","Walking","Running","Bicycling","Sleeping","Lab work","In class","In a meeting","At work","Indoors","Outside","In a car","On a bus","Drive - I'm the driver","Drive - I'm a passenger","At home","At a restaurant","Phone in pocket","Exercise","Cooking","Shopping","Strolling","Drinking (alcohol)","Bathing - shower","Cleaning","Doing laundry","Washing dishes","Watching TV","Surfing the internet","At a party","At a bar","At the beach","Singing","Talking","Computer work","Eating","Toilet","Grooming","Dressing","At the gym","Stairs - going up","Stairs - going down","Elevator","Standing","At school","Phone in hand","Phone in bag","Phone on table","With co-workers","With friends"],"label_probs":[0.10254529230469073,0.7503819165505689,0.4907799133882942,0.3656336281863661,0.47643374245917647,0.07889031737172428,0.3257025431202104,0.472231448963729,0.5130466469939112,0.19186535569621546,0.26641771638174466,0.7256616055572445,0.721278335905162,0.6463791463290811,0.7535061608910613,0.6598327986032285,0.25679372313575627,0.7873876030682165,0.6237262874735978,0.5113393130970763,0.5372353484793425,0.6375711891348265,0.5769969379197183,0.7527469910098954,0.3538739223211334,0.37307663313086,0.4177848616112391,0.4066851585493843,0.688490995405961,0.5834192050784809,0.7293700426773406,0.7090991060071961,0.638570341970844,0.5825067402188678,0.7299857987096752,0.29034224535605463,0.6900540549823773,0.28240962255850527,0.3233881045841797,0.2990067241766484,0.5779265598657143,0.4507419681567421,0.42762619200871127,0.4541894282018634,0.5772300335714963,0.35478205547893676,0.646691953088268,0.6851672593663372,0.2648398406952684,0.4012360517908679,0.711138961403216],"location_lat_long":[32.8536991,-117.2093106]}