{"label_names":["Lying down","Sitting","Walking","Running","Bicycling","Sleeping","Lab work","In class","In a meeting","At work","Indoors","Outside","In a car","On a bus","Drive - I'm the driver","Drive - I'm a passenger","At home","At a restaurant","Phone in pocket","Exercise","Cooking","Shopping","Strolling","Drinking (alcohol)","Bathing - shower","Cleaning","Doing laundry","Washing dishes","Watching TV","Surfing the internet","At a party","At a bar","At the beach","Singing","Talking","Computer work","Eating","Toilet","Grooming","Dressing","At the gym","Stairs - going up","Stairs - going down","Elevator","Standing","At school","Phone in hand","Phone in bag","Phone on table","With co-workers","With friends"],"label_probs":[0.8253218517952622,0.17657258398966238,0.14998397665588878,0.29255888016214876,0.1529683995219978,0.7762088332767261,0.16747753972050913,0.07868702643861582,0.06992857144367431,0.11579174587668768,0.8985915651647989,0.1153893976538786,0.13042528083628674,0.12333031839958193,0.1397362450633927,0.10433690591850558,0.744306075056937,0.07945606375045577,0.1312186018356958,0.1985895010398848,0.3046229256012789,0.10793951238987588,0.18181589110665985,0.2699778892750085,0.4845262808229642,0.2826036805918237,0.31762683069570197,0.42135006176647755,0.30209795875506223,0.37125873971685336,0.1607598018437259,0.17466514973496652,0.22815755022744785,0.4082711300584908,0.19500591064638712,0.21406330361149178,0.23577633592728267,0.43781527766007716,0.48051279754994214,0.45844816164469926,0.21494400180736542,0.22374778619507985,0.21648208275103925,0.11108690767293693,0.3216475729354844,0.1145470116554937,0.3349228725514075,0.233640499478261,0.7894238578161038,0.10372908215961489,0.3164058576214036],"location_lat_long":[32.9389828,-117.070786]}