{"p1":{"label_names":["Lying down","Sitting","Walking","Running","Bicycling","Sleeping","Lab work","In class","In a meeting","At work","Indoors","Outside","In a car","On a bus","Drive - I'm the driver","Drive - I'm a passenger","At home","At a restaurant","Phone in pocket","Exercise","Cooking","Shopping","Strolling","Drinking (alcohol)","Bathing - shower","Cleaning","Doing laundry","Washing dishes","Watching TV","Surfing the internet","At a party","At a bar","At the beach","Singing","Talking","Computer work","Eating","Toilet","Grooming","Dressing","At the gym","Stairs - going up","Stairs - going down","Elevator","Standing","At school","Phone in hand","Phone in bag","Phone on table","With co-workers","With friends"],"label_probs":[0.07246915995975885,0.6114281297160282,0.7035098087955306,0.5436070295173479,0.684746366927933,0.05868442656977924,0.34420199864189194,0.4345163697305275,0.43758731312404947,0.17400463639361083,0.12446056744851335,0.8707722102160976,0.7635771038394434,0.7610249554872093,0.7944132565009691,0.7244202554206856,0.17083113771331876,0.7869124071794782,0.769997605603939,0.6772065964056533,0.5026116814510381,0.7602613094543573,0.713456328961619,0.7472327979040042,0.2648603379159243,0.45096568186306824,0.3819036934618964,0.34198095325699895,0.5106227300669143,0.4741457149230465,0.765761092798944,0.739846126571625,0.7266269301902356,0.6231494825244724,0.7473861036425152,0.19521610138763656,0.6350874959525388,0.27921769306020483,0.302901395505822,0.3024059685747502,0.6869626392255166,0.6166938098576236,0.5928775360236617,0.641807984797655,0.6076528209248723,0.3795210529222018,0.7183011256409644,0.7621670772535744,0.1279054907924174,0.44394974697949446,0.734327605361832],"location_lat_long":[32.8536024,-117.2094178]},
"p2":{"label_names":["Lying down","Sitting","Walking","Running","Bicycling","Sleeping","Lab work","In class","In a meeting","At work","Indoors","Outside","In a car","On a bus","Drive - I'm the driver","Drive - I'm a passenger","At home","At a restaurant","Phone in pocket","Exercise","Cooking","Shopping","Strolling","Drinking (alcohol)","Bathing - shower","Cleaning","Doing laundry","Washing dishes","Watching TV","Surfing the internet","At a party","At a bar","At the beach","Singing","Talking","Computer work","Eating","Toilet","Grooming","Dressing","At the gym","Stairs - going up","Stairs - going down","Elevator","Standing","At school","Phone in hand","Phone in bag","Phone on table","With co-workers","With friends"],"label_probs":[0.12872605658769362,0.7107204196950192,0.48852454232403053,0.38520450002111356,0.4818010322743331,0.09969278122652561,0.3137582114601673,0.41933094919366515,0.4453464420203984,0.18347929424480744,0.2969982338164789,0.6954770246523709,0.6912075124275598,0.6227525232665703,0.7284569949897131,0.6246253795085536,0.30372407014122543,0.7378824287880483,0.5931756102839078,0.5119381125768746,0.5573146440766398,0.6059012186744458,0.560706495860709,0.7310545051155363,0.39344710559401924,0.3928520446634665,0.42424560878591233,0.4373706334275819,0.6770416765681194,0.5847200313192198,0.6985499054786389,0.677152246465407,0.6190103715700382,0.569671119899918,0.699491400230096,0.2947978409922703,0.6690924586313295,0.32096057001480455,0.3697309233910996,0.3485999583980875,0.5553031044987513,0.46306684481463783,0.43655822078587064,0.43351423758012114,0.5723370286091429,0.319455973576958,0.6399065854736633,0.6573579702501791,0.2886557258451178,0.36826357672459975,0.6799675909270312],"location_lat_long":[32.8536024,-117.2094191]},
"p3":{"label_names":["Lying down","Sitting","Walking","Running","Bicycling","Sleeping","Lab work","In class","In a meeting","At work","Indoors","Outside","In a car","On a bus","Drive - I'm the driver","Drive - I'm a passenger","At home","At a restaurant","Phone in pocket","Exercise","Cooking","Shopping","Strolling","Drinking (alcohol)","Bathing - shower","Cleaning","Doing laundry","Washing dishes","Watching TV","Surfing the internet","At a party","At a bar","At the beach","Singing","Talking","Computer work","Eating","Toilet","Grooming","Dressing","At the gym","Stairs - going up","Stairs - going down","Elevator","Standing","At school","Phone in hand","Phone in bag","Phone on table","With co-workers","With friends"],"label_probs":[0.10254529230469073,0.7503819165505689,0.4907799133882942,0.3656336281863661,0.47643374245917647,0.07889031737172428,0.3257025431202104,0.472231448963729,0.5130466469939112,0.19186535569621546,0.26641771638174466,0.7256616055572445,0.721278335905162,0.6463791463290811,0.7535061608910613,0.6598327986032285,0.25679372313575627,0.7873876030682165,0.6237262874735978,0.5113393130970763,0.5372353484793425,0.6375711891348265,0.5769969379197183,0.7527469910098954,0.3538739223211334,0.37307663313086,0.4177848616112391,0.4066851585493843,0.688490995405961,0.5834192050784809,0.7293700426773406,0.7090991060071961,0.638570341970844,0.5825067402188678,0.7299857987096752,0.29034224535605463,0.6900540549823773,0.28240962255850527,0.3233881045841797,0.2990067241766484,0.5779265598657143,0.4507419681567421,0.42762619200871127,0.4541894282018634,0.5772300335714963,0.35478205547893676,0.646691953088268,0.6851672593663372,0.2648398406952684,0.4012360517908679,0.711138961403216],"location_lat_long":[32.8536991,-117.2093106]},
"p4":{"label_names":["Lying down","Sitting","Walking","Running","Bicycling","Sleeping","Lab work","In class","In a meeting","At work","Indoors","Outside","In a car","On a bus","Drive - I'm the driver","Drive - I'm a passenger","At home","At a restaurant","Phone in pocket","Exercise","Cooking","Shopping","Strolling","Drinking (alcohol)","Bathing - shower","Cleaning","Doing laundry","Washing dishes","Watching TV","Surfing the internet","At a party","At a bar","At the beach","Singing","Talking","Computer work","Eating","Toilet","Grooming","Dressing","At the gym","Stairs - going up","Stairs - going down","Elevator","Standing","At school","Phone in hand","Phone in bag","Phone on table","With co-workers","With friends"],"label_probs":[0.7339070721495827,0.2419810134950838,0.2086981445295627,0.34560690577454845,0.19821441819014224,0.6717619303088216,0.21628090037950212,0.1132158386937291,0.0927961244672266,0.1610808587865294,0.853585011130448,0.1577045289443523,0.1595979314123598,0.15529880450455683,0.17964607960317888,0.12443265718415265,0.7180943925361083,0.1053055691975408,0.17988798996026986,0.24925985188618976,0.41202822528352945,0.14410740390254576,0.23008159477244497,0.3067216172810588,0.5458910366642945,0.3663527280731256,0.36586104448028317,0.48852295505854926,0.35493048455696774,0.4377448974231919,0.1914701934907265,0.20131518762220627,0.25416153498474653,0.41017523665627,0.2463179642375034,0.29146180158631885,0.3033200059960317,0.5151259609624164,0.5479666922655467,0.5535280400118232,0.2538224640505408,0.294663012052732,0.2778440601795642,0.14739153036618588,0.38889274053735845,0.1433295697112202,0.3807766282447252,0.2664022083842569,0.7387623643530842,0.1427622890812749,0.32504325367208947],"location_lat_long":[32.9389787,-117.070861]},
"p5":{"label_names":["Lying down","Sitting","Walking","Running","Bicycling","Sleeping","Lab work","In class","In a meeting","At work","Indoors","Outside","In a car","On a bus","Drive - I'm the driver","Drive - I'm a passenger","At home","At a restaurant","Phone in pocket","Exercise","Cooking","Shopping","Strolling","Drinking (alcohol)","Bathing - shower","Cleaning","Doing laundry","Washing dishes","Watching TV","Surfing the internet","At a party","At a bar","At the beach","Singing","Talking","Computer work","Eating","Toilet","Grooming","Dressing","At the gym","Stairs - going up","Stairs - going down","Elevator","Standing","At school","Phone in hand","Phone in bag","Phone on table","With co-workers","With friends"],